{
  "version": "1.0.0",
  "simulation": {
    "ticksPerSecond": 30,
    "velocityIterationsPerTick": 6,
    "positionIterationsPerTick": 4
  },
  "bots": {
    "firstTickTimeout": 100000000.0,
    "tickTimeout": 100000000.0,
    "ticksPerRequest": 3,
    "maxFailedResponses": 8,
    "initialConnectionTimeout": 100000000.0,
    "requestsSumTimeout": 100000000.0
  },
  "gameDetails": {
    "mapWidth": 176,
    "mapHeight": 99,
    "gameDuration": 200,
    "background": {
      "r": 0.2,
      "g": 0.2,
      "b": 0.2,
      "a": 1.0
    },
    "initialWorkersPerTeam": 3,
    "initialWarriorsPerTeam": 3,
    "maxNumberOfUnitsPerTeam": 30,
    "teamKill": true,
    "mapType": -1
  },
  "obstacles": {
    "blockSize": 3.0,
    "blockToCoolerRatio": 0.8
  },
  "units": {
    "size": 2,
    "health": 100,
    "forwardVelocity": 7.2,
    "backwardVelocity": 5.2,
    "rotationVelocityDeg": 54,
    "slowRotationVelocityDeg": 14,
    "timeBetweenShoots": 0.2,
    "nBulletsInMagazine": 3,
    "reloadTime": 1,
    "healthRecoveryTime": 1.0,
    "healthRecoveryPoints": 8,
    "recoveryStartsAfter": 8.0,
    "speechBubbleDuration": 2.5,
    "delayBetweenSpeechBubbles": 0.5,
    "maxSpeechBubbleTextLength": 23,
    "warriorPrice": 4,
    "workerPrice": 3
  },
  "resources": {
    "size": 1,
    "amount": 20,
    "offsetFromSpawn": 32,
    "offsetFromUnits": 8,
    "offsetFromWalls": 2,
    "offsetFromObstacles": 0,
    "stopSpawningAfter": 140
  },
  "viewingArea": {
    "length": 28,
    "width": 20,
    "offset": -1
  },
  "bullets": {
    "size": 0.4,
    "velocity": 32,
    "bulletRange": 42,
    "damageToWarrior": 22,
    "damageToWorker": 30
  },
  "healthBar": {
    "width": 1.8,
    "height": 0.16,
    "offset": 1.4
  }
}
